Lineup #,PG,SG,SF,PF,C,G,F,UTIL,Total Salary,Projected Points
1,Tre Jones (PG) $4500,Luguentz Dort (SG) $4800,Aaron Wiggins (SF/PF) $5000,Dominick Barlow (PF/C) $3500,Nikola Jokic (C) $11700,Tyrese Maxey (PG) $9000,Paolo Banchero (PF) $8100,Ryan Kalkbrenner (C) $3400,50000,275.7
2,Tre Jones (PG) $4500,Luguentz Dort (SG) $4800,Aaron Wiggins (SF/PF) $5000,Dominick Barlow (PF/C) $3500,Nikola Jokic (C) $11700,Josh Giddey (PG/SG) $8900,Paolo Banchero (PF) $8100,Ryan Kalkbrenner (C) $3400,49900,274.2
3,Jamal Murray (PG) $7200,Quentin Grimes (SG) $6500,Aaron Wiggins (SF/PF) $5000,Paolo Banchero (PF) $8100,Ryan Kalkbrenner (C) $3400,Tre Jones (PG) $4500,Dominick Barlow (PF/C) $3500,Nikola Jokic (C) $11700,49900,273.7
4,Tre Jones (PG) $4500,Josh Giddey (PG/SG) $8900,Dillon Brooks (SF) $5100,Dominick Barlow (PF/C) $3500,Nikola Jokic (C) $11700,Luguentz Dort (SG) $4800,Paolo Banchero (PF) $8100,Ryan Kalkbrenner (C) $3400,50000,273.5
5,Tre Jones (PG) $4500,Desmond Bane (SG) $6800,Aaron Wiggins (SF/PF) $5000,Paolo Banchero (PF) $8100,Nikola Jokic (C) $11700,Brandon Miller (SG) $7000,Dominick Barlow (PF/C) $3500,Ryan Kalkbrenner (C) $3400,50000,273.2
6,Jamal Murray (PG) $7200,Quentin Grimes (SG) $6500,Dillon Brooks (SF) $5100,Dominick Barlow (PF/C) $3500,Ryan Kalkbrenner (C) $3400,Tre Jones (PG) $4500,Paolo Banchero (PF) $8100,Nikola Jokic (C) $11700,50000,273.0
7,Tre Jones (PG) $4500,Luguentz Dort (SG) $4800,Franz Wagner (SF) $7700,Matas Buzelis (PF) $6000,Ryan Kalkbrenner (C) $3400,Collin Gillespie (PG) $3500,Paolo Banchero (PF) $8100,Nikola Jokic (C) $11700,49700,273.0
8,Jamal Murray (PG) $7200,Desmond Bane (SG) $6800,Royce O&#x27;Neale (SF/PF) $4500,Dominick Barlow (PF/C) $3500,Nikola Jokic (C) $11700,Tre Jones (PG) $4500,Paolo Banchero (PF) $8100,Ryan Kalkbrenner (C) $3400,49700,272.7
9,Tre Jones (PG) $4500,Desmond Bane (SG) $6800,Cameron Johnson (SF/PF) $6000,Paolo Banchero (PF) $8100,Nikola Jokic (C) $11700,Collin Gillespie (PG) $3500,Matas Buzelis (PF) $6000,Ryan Kalkbrenner (C) $3400,50000,272.5
10,Shai Gilgeous-Alexander (PG) $10700,Luguentz Dort (SG) $4800,Franz Wagner (SF) $7700,Dominick Barlow (PF/C) $3500,Ryan Kalkbrenner (C) $3400,Jamal Murray (PG) $7200,Paolo Banchero (PF) $8100,Tre Jones (PG) $4500,49900,272.3
